"file","label","type","color","style","public_id","url"
"classic-black-abaya.png","classic-black-abaya","abaya","black","classic","MERO/classic-black-abaya","https://res.cloudinary.com/dyxwzlwvb/image/upload/v1767535342/MERO/classic-black-abaya.jpg"
"beige-blazer-look-1.png","beige-blazer-look","look","beige","blazer","MERO/beige-blazer-look-1","https://res.cloudinary.com/dyxwzlwvb/image/upload/v1767535294/MERO/beige-blazer-look-1.jpg"
"beige-casual-set-1.png","beige-casual-set","set","beige","casual","MERO/beige-casual-set-1","https://res.cloudinary.com/dyxwzlwvb/image/upload/v1767535297/MERO/beige-casual-set-1.jpg"
"beige-embroidered-abaya-1.png","beige-embroidered-abaya","abaya","beige","embroidered","MERO/beige-embroidered-abaya-1","https://res.cloudinary.com/dyxwzlwvb/image/upload/v1767535301/MERO/beige-embroidered-abaya-1.jpg"
"beige-simple-abaya-1.png","beige-simple-abaya","abaya","beige","simple","MERO/beige-simple-abaya-1","https://res.cloudinary.com/dyxwzlwvb/image/upload/v1767535303/MERO/beige-simple-abaya-1.jpg"
"black-abaya-1.png","black-abaya","abaya","black","elegant","MERO/black-abaya-1","https://res.cloudinary.com/dyxwzlwvb/image/upload/v1767535306/MERO/black-abaya-1.jpg"
"black-casual-abaya-1.png","black-casual-abaya","abaya","black","casual","MERO/black-casual-abaya-1","https://res.cloudinary.com/dyxwzlwvb/image/upload/v1767535309/MERO/black-casual-abaya-1.jpg"
"black-evening-abaya-video-1.mp4","black-evening-abaya-video","video","black","evening","MERO/black-evening-abaya-video-1","https://res.cloudinary.com/dyxwzlwvb/video/upload/v1767535423/MERO/black-evening-abaya-video-1.mp4"
"black-evening-abaya-video-2.mp4","black-evening-abaya-video","video","black","evening","MERO/black-evening-abaya-video-2","https://res.cloudinary.com/dyxwzlwvb/video/upload/v1767535428/MERO/black-evening-abaya-video-2.mp4"
"black-floral-abaya-1.png","black-floral-abaya","abaya","black","floral","MERO/black-floral-abaya-1","https://res.cloudinary.com/dyxwzlwvb/image/upload/v1767535312/MERO/black-floral-abaya-1.jpg"
"black-formal-set-1.png","black-formal-set","set","black","formal","MERO/black-formal-set-1","https://res.cloudinary.com/dyxwzlwvb/image/upload/v1767535314/MERO/black-formal-set-1.jpg"
"black-leather-look-abaya-1.png","black-leather-look-abaya","abaya","black","leather-look","MERO/black-leather-look-abaya-1","https://res.cloudinary.com/dyxwzlwvb/image/upload/v1767535317/MERO/black-leather-look-abaya-1.jpg"
"black-night-abaya-video-1.mp4","black-night-abaya-video","video","black","night","MERO/black-night-abaya-video-1","https://res.cloudinary.com/dyxwzlwvb/video/upload/v1767535432/MERO/black-night-abaya-video-1.mp4"
"black-open-abaya-1.png","black-open-abaya","abaya","black","open","MERO/black-open-abaya-1","https://res.cloudinary.com/dyxwzlwvb/image/upload/v1767535320/MERO/black-open-abaya-1.jpg"
"black-open-coat-1.png","black-open-coat","coat","black","open","MERO/black-open-coat-1","https://res.cloudinary.com/dyxwzlwvb/image/upload/v1767535323/MERO/black-open-coat-1.jpg"
"black-simple-abaya-1.png","black-simple-abaya","abaya","black","simple","MERO/black-simple-abaya-1","https://res.cloudinary.com/dyxwzlwvb/image/upload/v1767535325/MERO/black-simple-abaya-1.jpg"
"classic-black-abaya-1.png","classic-black-abaya","abaya","black","classic","MERO/classic-black-abaya-1","https://res.cloudinary.com/dyxwzlwvb/image/upload/v1767535339/MERO/classic-black-abaya-1.jpg"
"elegant-black-abaya-1.png","elegant-black-abaya","abaya","black","elegant","MERO/elegant-black-abaya-1","https://res.cloudinary.com/dyxwzlwvb/image/upload/v1767535347/MERO/elegant-black-abaya-1.jpg"
"blue-abaya-video-1.mp4","blue-abaya-video","video","blue","abaya","MERO/blue-abaya-video-1","https://res.cloudinary.com/dyxwzlwvb/video/upload/v1767535436/MERO/blue-abaya-video-1.mp4"
"light-blue-abaya-video-1.mp4","light-blue-abaya-video","video","light-blue","abaya","MERO/light-blue-abaya-video-1","https://res.cloudinary.com/dyxwzlwvb/video/upload/v1767535440/MERO/light-blue-abaya-video-1.mp4"
"white-detail-abaya-video-1.mp4","white-detail-abaya-video","video","white","detail","MERO/white-detail-abaya-video-1","https://res.cloudinary.com/dyxwzlwvb/video/upload/v1767535443/MERO/white-detail-abaya-video-1.mp4"
"blush-pink-coat-1.png","blush-pink-coat","coat","blush-pink","classic","MERO/blush-pink-coat-1","https://res.cloudinary.com/dyxwzlwvb/image/upload/v1767535328/MERO/blush-pink-coat-1.jpg"
"cream-long-coat-1.png","cream-long-coat","coat","cream","long","MERO/cream-long-coat-1","https://res.cloudinary.com/dyxwzlwvb/image/upload/v1767535345/MERO/cream-long-coat-1.jpg"
"light-grey-coat-abaya-1.png","light-grey-coat-abaya","coat-abaya","light-grey","classic","MERO/light-grey-coat-abaya-1","https://res.cloudinary.com/dyxwzlwvb/image/upload/v1767535353/MERO/light-grey-coat-abaya-1.jpg"
"brown-abaya-1.png","brown-abaya","abaya","brown","simple","MERO/brown-abaya-1","https://res.cloudinary.com/dyxwzlwvb/image/upload/v1767535331/MERO/brown-abaya-1.jpg"
"brown-long-coat-1.png","brown-long-coat","coat","brown","long","MERO/brown-long-coat-1","https://res.cloudinary.com/dyxwzlwvb/image/upload/v1767535333/MERO/brown-long-coat-1.jpg"
"brown-simple-abaya-1.png","brown-simple-abaya","abaya","brown","simple","MERO/brown-simple-abaya-1","https://res.cloudinary.com/dyxwzlwvb/image/upload/v1767535336/MERO/brown-simple-abaya-1.jpg"
"grey-abaya-1.png","grey-abaya","abaya","grey","simple","MERO/grey-abaya-1","https://res.cloudinary.com/dyxwzlwvb/image/upload/v1767535350/MERO/grey-abaya-1.jpg"
"rust-brown-abaya-1.png","rust-brown-abaya","abaya","rust-brown","casual","MERO/rust-brown-abaya-1","https://res.cloudinary.com/dyxwzlwvb/image/upload/v1767535409/MERO/rust-brown-abaya-1.jpg"
"lilac-abaya-1.png","lilac-abaya","abaya","lilac","simple","MERO/lilac-abaya-1","https://res.cloudinary.com/dyxwzlwvb/image/upload/v1767535355/MERO/lilac-abaya-1.jpg"
"lilac-abaya-2.png","lilac-abaya","abaya","lilac","simple","MERO/lilac-abaya-2","https://res.cloudinary.com/dyxwzlwvb/image/upload/v1767535358/MERO/lilac-abaya-2.jpg"
"lilac-evening-abaya-1.png","lilac-evening-abaya","abaya","lilac","evening","MERO/lilac-evening-abaya-1","https://res.cloudinary.com/dyxwzlwvb/image/upload/v1767535364/MERO/lilac-evening-abaya-1.jpg"
"lilac-open-abaya-1.png","lilac-open-abaya","abaya","lilac","open","MERO/lilac-open-abaya-1",""
"lilac-casual-abaya.png","lilac-embroidered-abaya","abaya","lilac","embroidered","MERO/lilac-casual-abaya","https://res.cloudinary.com/dyxwzlwvb/image/upload/v1767535361/MERO/lilac-casual-abaya.jpg"
"maroon-abaya-1.png","maroon-abaya","abaya","maroon","simple","MERO/maroon-abaya-1","https://res.cloudinary.com/dyxwzlwvb/image/upload/v1767535366/MERO/maroon-abaya-1.jpg"
"navy-floral-abaya-1.png","navy-floral-abaya","abaya","navy","floral","MERO/navy-floral-abaya-1","https://res.cloudinary.com/dyxwzlwvb/image/upload/v1767535369/MERO/navy-floral-abaya-1.jpg"
"navy-simple-abaya-1.png","navy-simple-abaya","abaya","navy","simple","MERO/navy-simple-abaya-1","https://res.cloudinary.com/dyxwzlwvb/image/upload/v1767535371/MERO/navy-simple-abaya-1.jpg"
"olive-beach-abaya-1.png","olive-beach-abaya","abaya","olive","beach","MERO/olive-beach-abaya-1","https://res.cloudinary.com/dyxwzlwvb/image/upload/v1767535374/MERO/olive-beach-abaya-1.jpg"
"olive-green-abaya-1.png","olive-green-abaya","abaya","olive","classic","MERO/olive-green-abaya-1","https://res.cloudinary.com/dyxwzlwvb/image/upload/v1767535376/MERO/olive-green-abaya-1.jpg"
"olive-green-set-1.png","olive-green-set","set","olive","casual","MERO/olive-green-set-1","https://res.cloudinary.com/dyxwzlwvb/image/upload/v1767535379/MERO/olive-green-set-1.jpg"
"olive-simple-abaya-1.png","olive-simple-abaya","abaya","olive","simple","MERO/olive-simple-abaya-1","https://res.cloudinary.com/dyxwzlwvb/image/upload/v1767535382/MERO/olive-simple-abaya-1.jpg"
"pink-abaya-1.png","pink-abaya","abaya","pink","simple","MERO/pink-abaya-1","https://res.cloudinary.com/dyxwzlwvb/image/upload/v1767535384/MERO/pink-abaya-1.jpg"
"pink-abaya-2.png","pink-abaya","abaya","pink","simple","MERO/pink-abaya-2","https://res.cloudinary.com/dyxwzlwvb/image/upload/v1767535388/MERO/pink-abaya-2.jpg"
"pink-abaya-3.png","pink-abaya","abaya","pink","simple","MERO/pink-abaya-3","https://res.cloudinary.com/dyxwzlwvb/image/upload/v1767535390/MERO/pink-abaya-3.jpg"
"pink-elegant-abaya-1.png","pink-elegant-abaya","abaya","pink","elegant","MERO/pink-elegant-abaya-1","https://res.cloudinary.com/dyxwzlwvb/image/upload/v1767535393/MERO/pink-elegant-abaya-1.jpg"
"pink-embroidered-abaya-1.png","pink-embroidered-abaya","abaya","pink","embroidered","MERO/pink-embroidered-abaya-1","https://res.cloudinary.com/dyxwzlwvb/image/upload/v1767535395/MERO/pink-embroidered-abaya-1.jpg"
"pink-floral-abaya-1.png","pink-floral-abaya","abaya","pink","floral","MERO/pink-floral-abaya-1","https://res.cloudinary.com/dyxwzlwvb/image/upload/v1767535398/MERO/pink-floral-abaya-1.jpg"
"purple-abaya-1.png","purple-abaya","abaya","purple","simple","MERO/purple-abaya-1","https://res.cloudinary.com/dyxwzlwvb/image/upload/v1767535400/MERO/purple-abaya-1.jpg"
"purple-casual-abaya-1.png","purple-casual-abaya","abaya","purple","casual","MERO/purple-casual-abaya-1","https://res.cloudinary.com/dyxwzlwvb/image/upload/v1767535403/MERO/purple-casual-abaya-1.jpg"
"red-formal-set-1.png","red-formal-set","set","red","formal","MERO/red-formal-set-1","https://res.cloudinary.com/dyxwzlwvb/image/upload/v1767535406/MERO/red-formal-set-1.jpg"
"white-beach-abaya-1.png","white-beach-abaya","abaya","white","beach","MERO/white-beach-abaya-1","https://res.cloudinary.com/dyxwzlwvb/image/upload/v1767535411/MERO/white-beach-abaya-1.jpg"
"white-simple-abaya-1.png","white-simple-abaya","abaya","white","simple","MERO/white-simple-abaya-1","https://res.cloudinary.com/dyxwzlwvb/image/upload/v1767535414/MERO/white-simple-abaya-1.jpg"
"white-textured-abaya-1.png","white-textured-abaya","abaya","white","textured","MERO/white-textured-abaya-1","https://res.cloudinary.com/dyxwzlwvb/image/upload/v1767535416/MERO/white-textured-abaya-1.jpg"
"yellow-pleated-dress-1.png","yellow-pleated-dress","dress","yellow","pleate","MERO/yellow-pleated-dress-1","https://res.cloudinary.com/dyxwzlwvb/image/upload/v1767535419/MERO/yellow-pleated-dress-1.jpg"
"silver-formal.png","silver-formal-set","set","silver","formal","MERO/silver-formal-set","https://res.cloudinary.com/dyxwzlwvb/image/upload/v1767540270/MERO/silver-formal-set.jpg"
"mukawer1.png","mukawer-dress-1","dress","mixed","printed","MERO/mukawer-dress-1","https://res.cloudinary.com/dyxwzlwvb/image/upload/v1767540273/MERO/mukawer-dress-1.jpg"
"mukawer2.png","mukawer-dress-2","dress","cream","embroidered","MERO/mukawer-dress-2","https://res.cloudinary.com/dyxwzlwvb/image/upload/v1767540276/MERO/mukawer-dress-2.jpg"
"mukawer3.png","mukawer-dress-3","dress","pink","floral","MERO/mukawer-dress-3","https://res.cloudinary.com/dyxwzlwvb/image/upload/v1767540280/MERO/mukawer-dress-3.jpg"
"mukawer4.png","mukawer-dress-4","dress","blue","floral","MERO/mukawer-dress-4","https://res.cloudinary.com/dyxwzlwvb/image/upload/v1767540282/MERO/mukawer-dress-4.jpg"
"mukawer5.png","mukawer-dress-5","dress","yellow","floral","MERO/mukawer-dress-5","https://res.cloudinary.com/dyxwzlwvb/image/upload/v1767540286/MERO/mukawer-dress-5.jpg"
"mukawer6.png","mukawer-dress-6","dress","lilac","floral","MERO/mukawer-dress-6","https://res.cloudinary.com/dyxwzlwvb/image/upload/v1767540291/MERO/mukawer-dress-6.jpg"
"mukawer7.png","mukawer-dress-7","dress","pink","printed","MERO/mukawer-dress-7","https://res.cloudinary.com/dyxwzlwvb/image/upload/v1767540295/MERO/mukawer-dress-7.jpg"
"mukawer8.png","mukawer-dress-8","dress","beige","printed","MERO/mukawer-dress-8","https://res.cloudinary.com/dyxwzlwvb/image/upload/v1767540298/MERO/mukawer-dress-8.jpg"
"Burgundy-formal-A.png","burgundy-formal-set","set","burgundy","formal","MERO/burgundy-formal-set-a","https://res.cloudinary.com/dyxwzlwvb/image/upload/v1767540847/MERO/burgundy-formal-set-a.jpg"
"Burgundy-formal-B.png","burgundy-formal-set","set","burgundy","formal","MERO/burgundy-formal-set-b","https://res.cloudinary.com/dyxwzlwvb/image/upload/v1767540851/MERO/burgundy-formal-set-b.jpg"
"mukawer.png","mukawer-hanging-rack","reference","mixed","rack","MERO/mukawer-hanging-rack","https://res.cloudinary.com/dyxwzlwvb/image/upload/v1767540881/MERO/mukawer-hanging-rack.jpg"
"landscape-New-collactions.png","mukawer-white","reference","white","rack","MERO/mukawer-white","https://res.cloudinary.com/dyxwzlwvb/image/upload/v1767681825/MERO/mukawer-white.jpg"
"mukawer-main2.png","mukawer-mixed","reference","mixed","rack","MERO/mukawer-mixed","https://res.cloudinary.com/dyxwzlwvb/image/upload/v1767681831/MERO/mukawer-mixed.jpg"
"landscape_new_collections2.png","black-abaya-rack","reference","black","rack","MERO/black-abaya","https://res.cloudinary.com/dyxwzlwvb/image/upload/v1767681837/MERO/black-abaya.jpg"
"landscape-mukawer2.png","mukawer-lilac","reference","lilac","rack","MERO/mukawer-lilac","https://res.cloudinary.com/dyxwzlwvb/image/upload/v1767681841/MERO/mukawer-lilac.jpg"
